fips_code,2023_unemployment_rate,2024_unemployment_rate
01001,2.1,2.6
01003,2.2,2.7
01005,3.9,4.0
01007,2.4,2.9
01009,2.0,2.6
01011,2.6,3.7
01013,3.0,3.7
01015,2.6,3.1
01017,2.2,2.6
01019,2.6,3.0
01021,2.2,2.7
01023,3.8,4.4
01025,4.2,5.0
01027,2.4,2.9
01029,2.2,2.7
01031,2.3,3.0
01033,2.8,3.2
01035,3.6,4.1
01037,2.4,3.2
01039,2.7,3.2
01041,2.8,3.3
01043,2.1,2.6
01045,2.8,3.3
01047,4.9,5.2
01049,2.2,2.6
01051,2.0,2.5
01053,3.4,4.0
01055,2.5,3.2
01057,2.7,3.3
01059,2.6,2.9
01061,2.3,2.8
01063,5.5,6.6
01065,3.5,4.3
01067,2.3,3.1
01069,2.5,3.0
01071,2.8,3.4
01073,2.5,3.0
01075,2.9,3.3
01077,2.6,3.1
01079,2.1,2.6
01081,2.2,2.8
01083,2.0,2.4
01085,4.1,4.6
01087,3.4,4.3
01089,2.0,2.5
01091,3.3,3.8
01093,2.9,3.4
01095,2.1,2.6
01097,3.1,3.7
01099,4.1,4.8
01101,2.9,3.3
01103,2.1,2.5
01105,5.6,6.5
01107,3.0,3.8
01109,2.8,3.3
01111,2.7,3.5
01113,2.7,3.5
01115,2.0,2.5
01117,1.8,2.3
01119,3.6,4.6
01121,2.8,3.3
01123,2.6,3.2
01125,2.4,3.0
01127,2.4,2.9
01129,2.7,3.6
01131,5.7,6.1
01133,2.7,3.2
02013,2.3,3.6
02016,3.0,3.4
02020,3.5,3.8
02050,9.8,10.6
02060,3.4,3.9
02063,4.4,5.2
02066,7.2,7.3
02068,4.7,4.6
02070,6.3,7.6
02090,3.8,4.0
02100,7.8,8.0
02105,5.5,5.5
02110,3.1,3.3
02122,5.0,5.2
02130,3.5,3.8
02150,4.3,4.7
02158,14.8,15.8
02164,5.1,5.8
02170,4.8,4.9
02180,7.7,8.5
02185,3.2,3.3
02188,9.1,9.2
02195,4.8,5.3
02198,7.4,7.9
02220,3.0,3.1
02230,5.3,5.7
02240,5.6,5.9
02275,5.0,5.3
02282,5.3,5.8
02290,8.5,8.6
04001,6.9,7.0
04003,4.5,4.4
04005,4.1,3.9
04007,4.0,3.6
04009,3.6,3.5
04011,2.5,2.5
04012,6.2,5.9
04013,3.2,3.2
04015,4.5,4.5
04017,5.7,5.6
04019,3.6,3.7
04021,3.7,3.8
04023,6.7,6.3
04025,3.6,3.5
04027,12.4,12.7
05001,2.9,3.5
05003,5.3,5.8
05005,3.6,4.1
05007,2.5,2.8
05009,2.9,3.4
05011,4.7,4.8
05013,3.1,3.7
05015,3.0,3.7
05017,4.9,5.7
05019,3.9,4.0
05021,3.6,3.7
05023,3.5,3.8
05025,3.2,3.8
05027,3.9,4.0
05029,3.2,3.5
05031,2.8,3.2
05033,3.3,3.6
05035,4.0,4.5
05037,3.1,3.7
05039,3.6,3.8
05041,5.0,6.8
05043,3.7,4.1
05045,2.8,3.0
05047,3.1,3.5
05049,4.2,4.5
05051,3.4,3.7
05053,2.8,2.9
05055,3.2,3.7
05057,3.4,3.7
05059,3.5,3.9
05061,3.4,3.4
05063,3.2,3.1
05065,5.5,5.7
05067,4.7,4.4
05069,4.5,5.0
05071,4.0,5.1
05073,4.5,4.8
05075,3.2,3.7
05077,5.2,5.3
05079,4.1,5.3
05081,3.4,3.9
05083,3.5,3.8
05085,2.6,2.9
05087,2.5,3.0
05089,4.6,5.1
05091,3.9,4.4
05093,4.2,4.0
05095,3.4,4.3
05097,4.3,4.5
05099,4.6,5.2
05101,3.7,4.3
05103,3.8,4.3
05105,3.5,3.9
05107,6.4,5.9
05109,3.0,3.4
05111,3.2,3.8
05113,3.6,4.4
05115,3.8,4.1
05117,2.9,3.1
05119,3.1,3.5
05121,3.4,3.7
05123,4.5,5.3
05125,2.6,2.8
05127,3.0,3.3
05129,3.7,3.9
05131,3.1,3.4
05133,2.7,2.9
05135,3.6,3.9
05137,4.5,4.9
05139,4.1,5.0
05141,3.9,4.3
05143,2.5,2.8
05145,3.4,3.7
05147,3.3,3.6
05149,3.0,3.3
06001,3.8,4.4
06003,8.3,7.4
06005,5.1,5.4
06007,5.2,5.9
06009,5.3,6.0
06011,12.4,13.2
06013,3.9,4.5
06015,6.0,6.2
06017,4.1,4.7
06019,7.4,7.9
06021,6.7,7.0
06023,4.6,5.1
06025,17.6,18.4
06027,4.0,4.2
06029,8.1,8.7
06031,8.4,8.7
06033,6.7,7.0
06035,5.9,6.6
06037,5.1,5.8
06039,7.0,7.5
06041,3.5,3.9
06043,5.4,5.5
06045,4.9,5.6
06047,9.0,9.8
06049,6.7,7.0
06051,3.9,4.1
06053,7.0,7.3
06055,3.4,3.9
06057,4.1,4.5
06059,3.5,3.9
06061,3.7,4.1
06063,7.0,7.1
06065,4.8,5.3
06067,4.3,4.7
06069,5.7,6.4
06071,4.6,5.1
06073,3.7,4.3
06075,3.4,3.9
06077,6.0,6.5
06079,3.6,4.0
06081,3.1,3.7
06083,4.0,4.5
06085,3.5,4.1
06087,5.5,5.9
06089,4.8,5.3
06091,5.0,5.5
06093,6.6,6.9
06095,4.4,4.9
06097,3.6,4.1
06099,6.3,6.9
06101,8.1,8.6
06103,5.6,6.2
06105,5.5,5.4
06107,9.8,10.5
06109,4.8,5.2
06111,4.2,4.6
06113,4.8,5.4
06115,6.2,6.8
08001,3.4,4.3
08003,4.0,4.8
08005,3.2,4.0
08007,3.5,4.1
08009,2.5,3.3
08011,3.9,4.8
08013,3.1,4.1
08014,3.1,3.9
08015,3.1,3.8
08017,2.3,2.7
08019,3.1,3.9
08021,3.7,4.3
08023,6.0,7.0
08025,3.4,3.9
08027,3.5,4.1
08029,4.5,5.4
08031,3.4,4.3
08033,3.5,4.4
08035,2.9,3.8
08037,2.8,3.4
08039,2.8,3.6
08041,3.3,4.1
08043,4.8,5.7
08045,2.9,3.5
08047,2.9,3.5
08049,2.9,3.4
08051,2.9,3.3
08053,3.2,3.5
08055,6.2,7.0
08057,2.8,3.6
08059,3.1,4.0
08061,2.4,3.3
08063,2.3,3.2
08065,2.8,3.4
08067,3.3,4.0
08069,3.1,3.9
08071,5.2,6.1
08073,3.8,4.5
08075,2.7,3.5
08077,3.5,4.3
08079,3.2,4.4
08081,3.7,4.2
08083,4.4,5.1
08085,3.7,4.5
08087,3.5,4.1
08089,4.5,5.3
08091,3.3,4.3
08093,3.5,4.1
08095,2.5,3.0
08097,3.0,3.6
08099,3.0,3.6
08101,4.7,5.7
08103,3.3,4.2
08105,4.1,5.1
08107,2.8,3.6
08109,3.8,4.4
08111,3.6,3.7
08113,3.4,3.9
08115,3.4,4.0
08117,2.6,3.2
08119,3.3,4.1
08121,2.7,3.4
08123,3.4,4.4
08125,2.1,2.7
09110,3.2,3.4
09120,3.6,3.8
09130,2.8,2.9
09140,3.7,3.8
09150,3.3,3.2
09160,3.0,2.9
09170,3.2,3.3
09180,3.2,3.2
09190,2.8,2.9
10001,4.2,4.3
10003,3.8,3.9
10005,3.9,3.8
11001,4.9,5.3
12001,3.3,3.8
12003,2.9,3.3
12005,2.9,3.3
12007,3.3,3.8
12009,3.0,3.5
12011,2.8,3.2
12013,3.3,3.7
12015,3.7,4.1
12017,4.3,4.9
12019,2.9,3.4
12021,3.0,3.3
12023,3.5,4.0
12027,3.5,4.0
12029,3.7,4.2
12031,3.2,3.5
12033,3.1,3.6
12035,3.6,4.0
12037,3.2,3.8
12039,4.0,4.2
12041,2.9,3.4
12043,3.9,4.4
12045,2.9,3.3
12047,4.6,4.8
12049,3.5,4.1
12051,3.7,4.0
12053,3.4,4.0
12055,4.3,4.8
12057,3.0,3.4
12059,2.9,3.5
12061,3.6,4.0
12063,3.4,3.9
12065,2.7,3.1
12067,3.8,4.4
12069,3.1,3.5
12071,3.3,3.5
12073,3.0,3.4
12075,3.4,4.0
12077,3.2,3.9
12079,3.7,4.2
12081,3.1,3.5
12083,3.7,4.2
12085,3.1,3.5
12086,2.0,2.4
12087,2.0,2.2
12089,2.9,3.2
12091,2.7,3.1
12093,3.6,3.8
12095,2.9,3.3
12097,3.1,3.5
12099,3.0,3.3
12101,3.2,3.7
12103,2.7,3.2
12105,3.7,4.2
12107,3.8,4.2
12109,2.8,3.2
12111,3.5,3.9
12113,2.9,3.4
12115,3.1,3.5
12117,2.8,3.1
12119,5.1,5.8
12121,3.4,3.9
12123,4.5,6.2
12125,3.7,4.4
12127,3.4,3.8
12129,2.6,2.8
12131,2.6,3.0
12133,3.5,4.0
13001,3.9,3.9
13003,3.5,3.8
13005,3.1,3.6
13007,4.4,4.5
13009,3.8,3.8
13011,2.6,2.9
13013,2.7,2.9
13015,3.0,3.2
13017,3.4,3.9
13019,3.3,4.2
13021,4.1,4.4
13023,3.6,3.9
13025,3.1,3.1
13027,3.6,3.7
13029,2.7,2.8
13031,3.4,3.5
13033,5.0,5.1
13035,3.1,3.2
13037,3.2,3.1
13039,3.0,3.2
13043,3.2,3.4
13045,3.1,3.3
13047,2.7,2.9
13049,3.4,3.4
13051,2.9,3.0
13053,7.0,7.2
13055,4.1,4.4
13057,2.6,2.8
13059,3.1,3.4
13061,6.4,5.5
13063,4.1,4.3
13065,3.5,3.9
13067,3.0,3.2
13069,3.7,4.0
13071,3.0,3.1
13073,3.2,3.3
13075,3.4,3.6
13077,3.0,3.1
13079,3.2,3.6
13081,3.6,3.4
13083,2.9,3.2
13085,2.5,2.7
13087,3.6,3.5
13089,3.5,3.6
13091,3.4,3.5
13093,3.5,4.0
13095,4.5,4.8
13097,3.5,3.7
13099,4.5,4.7
13101,2.7,3.2
13103,2.7,2.6
13105,3.4,3.8
13107,3.8,4.3
13109,3.0,3.0
13111,3.3,3.2
13113,3.2,3.2
13115,3.2,3.4
13117,2.5,2.7
13119,3.3,3.7
13121,3.4,3.5
13123,2.8,2.8
13125,2.9,3.0
13127,2.8,2.9
13129,3.0,3.3
13131,3.0,3.2
13133,3.5,3.8
13135,3.0,3.1
13137,3.0,3.1
13139,2.6,2.7
13141,5.4,5.7
13143,3.0,3.1
13145,2.9,3.1
13147,3.3,3.6
13149,3.4,3.5
13151,3.4,3.7
13153,2.9,2.9
13155,3.2,3.4
13157,2.5,2.9
13159,3.1,3.3
13161,4.5,4.7
13163,4.0,4.7
13165,4.5,3.9
13167,3.4,3.8
13169,3.2,3.4
13171,3.7,4.2
13173,3.6,4.0
13175,4.2,4.1
13177,2.7,2.7
13179,3.8,3.9
13181,4.2,4.1
13183,3.5,3.5
13185,3.6,3.8
13187,3.1,3.3
13189,4.5,5.0
13191,3.3,3.5
13193,4.3,4.4
13195,3.0,3.2
13197,3.4,3.6
13199,4.1,4.1
13201,3.0,3.0
13205,3.5,3.8
13207,2.8,3.0
13209,4.3,4.4
13211,2.8,2.8
13213,3.3,3.8
13215,3.9,4.0
13217,3.7,4.1
13219,2.5,2.6
13221,2.8,3.0
13223,3.1,3.2
13225,3.6,4.0
13227,2.7,2.8
13229,3.3,3.6
13231,2.8,2.9
13233,3.3,3.6
13235,3.4,3.6
13237,3.6,3.6
13239,5.9,6.2
13241,3.2,3.1
13243,3.5,3.8
13245,4.6,5.0
13247,3.8,4.0
13249,3.1,3.4
13251,4.4,4.4
13253,3.8,4.3
13255,3.5,3.8
13257,3.5,3.9
13259,5.8,5.0
13261,4.3,4.7
13263,3.8,4.0
13265,3.1,3.8
13267,3.5,3.5
13269,4.0,3.9
13271,6.1,5.6
13273,4.8,4.8
13275,3.0,3.2
13277,3.0,3.0
13279,4.0,4.2
13281,3.3,3.4
13283,4.6,4.6
13285,2.8,3.0
13287,3.8,4.2
13289,4.6,4.8
13291,3.6,3.6
13293,3.4,3.4
13295,2.9,3.0
13297,3.0,3.1
13299,4.0,4.3
13301,4.7,4.8
13303,3.9,4.2
13305,3.2,3.4
13307,3.3,3.5
13309,2.8,2.6
13311,2.7,2.9
13313,3.5,3.9
13315,3.3,3.2
13317,3.8,3.8
13319,4.2,4.4
13321,3.2,3.5
15001,3.1,3.0
15003,2.6,2.5
15007,2.5,2.4
15009,4.3,4.1
16001,2.8,3.2
16003,6.6,6.8
16005,3.4,3.9
16007,2.7,3.0
16009,5.5,5.8
16011,3.3,3.5
16013,2.9,3.2
16015,4.2,4.6
16017,4.6,5.3
16019,2.7,3.1
16021,4.9,5.5
16023,4.2,3.5
16025,3.9,4.5
16027,3.2,3.6
16029,3.6,3.5
16031,2.9,3.2
16033,3.9,4.1
16035,5.8,6.3
16037,4.9,5.2
16039,3.8,4.2
16041,2.7,3.1
16043,3.1,3.3
16045,3.5,3.8
16047,3.1,3.2
16049,4.0,4.8
16051,2.5,2.9
16053,3.0,3.3
16055,3.7,4.3
16057,2.6,3.1
16059,4.2,4.4
16061,3.9,4.3
16063,3.7,3.9
16065,2.9,3.6
16067,3.0,3.2
16069,3.0,3.4
16071,3.0,2.8
16073,3.7,4.2
16075,3.9,4.4
16077,3.6,3.3
16079,5.3,5.6
16081,2.4,2.6
16083,3.2,3.4
16085,4.3,4.6
16087,4.4,4.6
17001,3.4,3.6
17003,6.6,6.6
17005,4.6,4.6
17007,6.6,5.9
17009,3.1,3.0
17011,5.7,5.7
17013,4.8,4.6
17015,4.6,4.7
17017,4.3,4.6
17019,4.3,4.3
17021,4.5,4.2
17023,4.6,5.0
17025,5.5,5.1
17027,3.5,3.5
17029,4.0,3.9
17031,4.4,5.3
17033,4.3,4.5
17035,3.5,3.7
17037,4.7,4.7
17039,4.1,4.2
17041,3.7,3.7
17043,3.5,4.3
17045,4.1,4.3
17047,4.2,4.1
17049,3.5,3.8
17051,5.1,5.0
17053,4.4,4.3
17055,5.2,5.2
17057,5.2,4.9
17059,5.5,5.0
17061,4.3,4.0
17063,4.3,5.3
17065,4.6,4.5
17067,3.9,3.9
17069,5.0,5.0
17071,4.5,4.1
17073,5.0,5.2
17075,4.9,4.8
17077,4.9,4.8
17079,3.8,3.9
17081,4.8,4.7
17083,4.0,4.1
17085,4.0,4.2
17087,5.6,5.5
17089,5.0,5.0
17091,5.9,5.7
17093,4.6,4.6
17095,5.5,5.2
17097,5.1,5.1
17099,5.7,5.7
17101,4.8,5.1
17103,5.0,4.9
17105,4.1,4.1
17107,4.6,4.9
17109,4.3,4.3
17111,3.7,4.5
17113,3.7,3.9
17115,6.1,5.8
17117,4.5,4.5
17119,4.2,4.3
17121,5.0,4.9
17123,5.2,4.9
17125,5.0,4.8
17127,4.4,4.2
17129,4.1,4.1
17131,4.8,5.5
17133,3.0,3.1
17135,4.8,4.6
17137,4.3,4.2
17139,3.8,3.7
17141,5.2,5.0
17143,5.4,5.4
17145,5.1,4.9
17147,3.7,3.7
17149,4.8,4.7
17151,5.3,5.3
17153,7.2,6.8
17155,5.5,5.3
17157,4.2,4.3
17159,4.0,3.9
17161,5.2,5.5
17163,4.7,4.7
17165,4.6,4.5
17167,4.4,4.3
17169,4.8,5.3
17171,5.1,5.0
17173,4.1,4.1
17175,5.4,5.1
17177,5.0,4.8
17179,4.4,4.5
17181,5.1,4.7
17183,5.9,5.9
17185,3.8,3.8
17187,4.3,4.5
17189,3.6,3.5
17191,4.1,4.0
17193,4.3,4.4
17195,4.7,4.7
17197,4.2,5.1
17199,4.5,4.5
17201,6.1,5.6
17203,3.9,3.8
18001,3.0,3.8
18003,3.1,3.8
18005,3.2,3.9
18007,2.7,3.3
18009,3.8,4.5
18011,2.6,3.2
18013,3.5,3.8
18015,2.8,3.5
18017,3.7,4.4
18019,3.1,3.7
18021,3.3,3.9
18023,2.9,3.4
18025,3.9,4.7
18027,2.6,3.2
18029,3.3,3.8
18031,3.0,3.7
18033,3.1,3.7
18035,3.8,4.6
18037,2.6,3.2
18039,4.5,4.8
18041,3.7,4.5
18043,3.0,3.6
18045,3.1,3.8
18047,3.1,3.6
18049,3.6,4.3
18051,2.8,3.4
18053,3.7,4.5
18055,3.6,4.3
18057,2.7,3.2
18059,2.8,3.3
18061,3.0,3.7
18063,2.7,3.3
18065,3.6,4.0
18067,5.0,6.6
18069,2.9,3.7
18071,2.9,3.4
18073,3.5,4.1
18075,2.9,3.6
18077,3.2,3.8
18079,3.2,3.6
18081,2.8,3.4
18083,3.0,3.9
18085,3.5,4.3
18087,3.5,3.8
18089,5.0,5.5
18091,3.8,4.5
18093,3.8,4.3
18095,3.6,4.1
18097,3.4,4.1
18099,3.6,4.1
18101,3.0,3.2
18103,3.8,4.8
18105,3.0,3.7
18107,2.7,3.3
18109,3.3,3.8
18111,4.0,4.3
18113,3.7,4.1
18115,3.4,4.0
18117,3.1,3.9
18119,3.3,3.9
18121,3.5,4.1
18123,3.2,3.6
18125,3.5,4.0
18127,3.8,4.3
18129,2.9,3.4
18131,3.0,3.5
18133,3.3,3.9
18135,3.2,4.0
18137,3.2,3.7
18139,3.1,3.6
18141,4.0,4.7
18143,3.8,4.6
18145,3.0,3.6
18147,3.2,3.9
18149,4.5,5.1
18151,3.3,4.0
18153,3.4,4.0
18155,3.6,4.5
18157,2.9,3.7
18159,3.5,4.1
18161,2.8,2.9
18163,3.3,3.9
18165,4.0,4.6
18167,3.6,4.2
18169,3.1,4.0
18171,2.8,3.4
18173,3.0,3.5
18175,3.1,3.7
18177,3.4,4.2
18179,2.7,3.3
18181,3.2,4.0
18183,2.8,3.6
19001,2.5,2.7
19003,2.7,2.5
19005,4.0,3.9
19007,3.7,3.8
19009,2.2,2.3
19011,3.1,3.1
19013,3.1,3.8
19015,2.6,2.8
19017,2.6,3.0
19019,3.0,3.4
19021,2.5,2.7
19023,3.3,3.4
19025,2.5,2.6
19027,2.3,2.2
19029,2.8,2.8
19031,3.1,3.1
19033,3.1,3.0
19035,2.4,2.3
19037,2.4,2.7
19039,2.9,2.9
19041,2.8,3.3
19043,3.9,3.9
19045,3.7,4.0
19047,4.4,4.2
19049,2.3,2.7
19051,2.4,2.8
19053,2.9,3.0
19055,2.8,2.9
19057,4.1,4.0
19059,3.1,3.2
19061,3.0,3.4
19063,3.5,3.5
19065,3.3,3.4
19067,3.5,3.6
19069,3.2,3.3
19071,2.6,3.4
19073,2.5,2.8
19075,2.6,3.0
19077,2.9,3.0
19079,2.4,2.5
19081,2.7,2.4
19083,2.8,2.9
19085,2.6,2.6
19087,3.3,3.0
19089,3.3,3.3
19091,2.8,2.9
19093,2.3,2.7
19095,3.2,3.3
19097,3.6,3.9
19099,3.0,3.2
19101,3.0,3.5
19103,2.4,2.4
19105,3.5,3.7
19107,3.3,3.2
19109,2.6,2.5
19111,4.1,3.7
19113,3.3,3.4
19115,3.3,3.2
19117,2.8,3.0
19119,2.3,2.4
19121,3.0,3.0
19123,2.5,2.5
19125,2.3,2.5
19127,5.8,5.8
19129,2.7,3.4
19131,2.3,2.4
19133,2.7,2.8
19135,2.9,3.3
19137,2.5,2.4
19139,3.1,3.6
19141,2.6,2.4
19143,2.0,2.0
19145,2.2,2.6
19147,2.4,2.5
19149,2.2,2.4
19151,2.6,2.9
19153,2.9,3.2
19155,3.1,3.2
19157,3.0,2.8
19159,2.3,2.6
19161,2.5,3.1
19163,3.4,3.8
19165,2.6,2.6
19167,2.0,2.1
19169,2.4,2.5
19171,4.3,4.5
19173,2.2,2.1
19175,3.0,3.1
19177,3.3,3.1
19179,3.5,3.8
19181,2.7,2.8
19183,2.6,2.5
19185,2.6,2.6
19187,3.3,3.3
19189,3.3,2.5
19191,3.0,2.9
19193,3.0,3.1
19195,2.7,2.6
19197,2.8,2.5
20001,3.2,3.9
20003,2.8,3.4
20005,3.1,3.8
20007,2.8,3.0
20009,2.9,3.5
20011,3.8,5.3
20013,3.6,4.1
20015,2.9,3.6
20017,2.9,3.8
20019,3.4,4.1
20021,3.1,3.5
20023,2.7,3.2
20025,2.4,2.7
20027,2.6,3.4
20029,2.5,3.0
20031,3.4,4.0
20033,2.7,3.0
20035,3.4,4.3
20037,3.0,3.8
20039,2.5,3.0
20041,3.0,3.8
20043,2.9,3.8
20045,2.6,3.2
20047,2.6,3.2
20049,3.3,4.2
20051,2.2,2.8
20053,2.5,3.8
20055,2.4,2.8
20057,2.4,2.8
20059,2.9,3.8
20061,3.7,4.3
20063,3.0,3.3
20065,2.7,3.6
20067,2.8,3.5
20069,2.2,2.5
20071,2.4,2.9
20073,3.3,3.6
20075,2.3,2.7
20077,2.9,3.6
20079,3.1,4.2
20081,2.6,3.0
20083,2.5,3.0
20085,2.7,3.3
20087,2.8,3.5
20089,3.2,4.0
20091,2.7,3.2
20093,2.6,3.0
20095,2.5,2.7
20097,2.7,3.1
20099,3.2,3.7
20101,3.0,3.5
20103,3.0,3.7
20105,2.7,4.1
20107,4.0,4.9
20109,2.1,2.7
20111,2.6,3.3
20113,2.3,2.8
20115,2.8,3.7
20117,2.5,3.1
20119,2.5,2.8
20121,2.8,3.4
20123,2.6,3.7
20125,3.3,3.9
20127,2.7,3.0
20129,2.8,3.5
20131,2.0,2.5
20133,3.0,3.6
20135,2.2,2.7
20137,2.4,2.9
20139,2.9,3.7
20141,2.5,3.4
20143,2.5,3.1
20145,2.6,3.0
20147,2.4,2.9
20149,2.5,3.0
20151,2.5,3.1
20153,2.3,2.6
20155,3.1,3.7
20157,2.3,2.8
20159,2.9,3.3
20161,2.6,3.1
20163,2.8,3.4
20165,2.4,3.6
20167,2.7,4.0
20169,2.7,3.3
20171,2.5,3.0
20173,3.1,3.9
20175,2.5,3.0
20177,3.1,3.7
20179,2.2,2.4
20181,2.4,3.2
20183,2.4,3.0
20185,2.4,2.9
20187,2.6,3.0
20189,2.5,3.8
20191,3.0,3.9
20193,2.0,2.5
20195,2.9,3.5
20197,3.1,3.7
20199,2.9,3.4
20201,2.7,3.1
20203,2.4,2.8
20205,3.2,4.1
20207,4.2,4.9
20209,3.6,4.2
21001,4.6,5.0
21003,3.9,4.5
21005,3.9,4.6
21007,5.0,5.1
21009,4.6,5.3
21011,5.4,6.6
21013,5.9,6.5
21015,3.7,4.2
21017,3.6,4.1
21019,5.3,5.8
21021,4.4,4.9
21023,4.8,5.8
21025,6.2,7.2
21027,5.0,5.4
21029,4.2,4.5
21031,4.7,5.4
21033,3.8,4.3
21035,4.5,5.2
21037,3.8,4.4
21039,4.4,5.0
21041,4.2,4.8
21043,7.5,7.8
21045,4.6,5.2
21047,5.5,5.8
21049,3.9,4.6
21051,5.7,6.7
21053,4.8,5.5
21055,4.6,5.2
21057,4.3,4.9
21059,4.3,4.7
21061,5.0,5.6
21063,8.3,8.5
21065,5.3,6.0
21067,3.5,4.0
21069,4.9,5.8
21071,5.8,6.6
21073,3.7,4.3
21075,4.5,5.0
21077,4.0,4.6
21079,4.0,4.6
21081,4.1,4.7
21083,4.1,4.3
21085,4.8,5.5
21087,4.7,5.5
21089,6.4,6.6
21091,4.8,5.3
21093,4.3,4.9
21095,5.8,6.7
21097,3.8,4.3
21099,4.5,5.0
21101,4.2,4.8
21103,4.1,4.6
21105,4.3,4.8
21107,4.4,5.4
21109,6.0,7.3
21111,4.0,4.6
21113,3.7,4.3
21115,6.1,6.9
21117,3.7,4.3
21119,6.2,7.1
21121,5.5,6.7
21123,4.1,4.6
21125,5.0,5.8
21127,6.5,7.7
21129,5.1,5.4
21131,5.0,5.8
21133,5.0,5.8
21135,8.4,8.3
21137,5.0,5.5
21139,4.8,5.5
21141,4.3,4.9
21143,4.7,5.4
21145,4.2,4.8
21147,5.5,6.0
21149,4.7,5.4
21151,4.2,4.8
21153,8.0,8.5
21155,4.5,5.3
21157,4.6,5.2
21159,7.1,7.9
21161,5.0,6.0
21163,4.1,4.6
21165,6.0,7.0
21167,4.1,4.6
21169,4.5,5.0
21171,4.5,5.1
21173,4.6,5.4
21175,5.7,6.3
21177,5.2,5.9
21179,3.9,4.5
21181,4.5,4.6
21183,5.3,6.0
21185,3.5,4.0
21187,4.1,4.8
21189,5.1,5.8
21191,4.1,4.9
21193,4.5,5.2
21195,5.6,6.3
21197,4.3,4.9
21199,4.7,5.3
21201,5.5,6.3
21203,4.9,5.3
21205,5.0,5.9
21207,4.5,5.1
21209,3.5,4.1
21211,3.6,4.0
21213,4.1,4.9
21215,4.0,4.4
21217,4.3,5.1
21219,3.8,4.4
21221,4.8,5.2
21223,3.9,4.4
21225,4.0,4.4
21227,3.9,4.4
21229,3.5,4.0
21231,5.5,6.0
21233,4.6,5.3
21235,4.4,5.0
21237,8.2,8.8
21239,3.3,3.7
22001,3.6,4.2
22003,4.2,4.8
22005,3.0,3.5
22007,4.0,4.3
22009,4.2,4.7
22011,3.5,4.1
22013,4.9,5.7
22015,3.3,3.9
22017,4.0,4.5
22019,3.8,4.5
22021,4.4,5.5
22023,3.7,4.5
22025,4.5,5.4
22027,4.8,6.0
22029,5.1,6.4
22031,4.1,4.8
22033,3.7,4.2
22035,11.8,12.5
22037,4.0,4.6
22039,4.0,4.8
22041,5.1,5.6
22043,3.7,4.3
22045,4.0,4.5
22047,4.5,4.9
22049,4.2,5.0
22051,3.5,3.9
22053,3.8,4.8
22055,3.0,3.5
22057,3.1,3.7
22059,3.2,3.6
22061,3.8,4.6
22063,3.2,3.7
22065,5.8,7.1
22067,6.0,6.6
22069,4.8,5.4
22071,4.4,4.9
22073,3.9,4.5
22075,3.1,3.8
22077,4.1,4.6
22079,3.4,4.0
22081,4.2,5.0
22083,4.7,5.4
22085,4.1,5.0
22087,4.2,4.7
22089,3.2,3.6
22091,5.8,6.5
22093,4.3,5.0
22095,4.5,5.1
22097,4.4,5.0
22099,3.3,4.0
22101,4.0,4.9
22103,3.2,3.8
22105,4.2,4.8
22107,5.5,7.6
22109,3.3,3.9
22111,4.6,5.3
22113,3.4,4.0
22115,4.2,4.8
22117,4.0,4.8
22119,4.6,5.3
22121,3.5,4.0
22123,5.8,7.3
22125,2.5,2.9
22127,4.1,5.2
23001,2.7,3.1
23003,3.6,4.1
23005,2.1,2.4
23007,3.3,3.7
23009,3.1,3.4
23011,2.4,2.9
23013,2.7,3.3
23015,2.6,3.1
23017,2.9,3.4
23019,2.8,3.2
23021,4.2,5.0
23023,2.1,2.4
23025,3.8,3.9
23027,3.0,3.4
23029,4.1,4.7
23031,2.4,2.7
24001,3.4,4.7
24003,2.0,2.8
24005,2.4,3.3
24009,2.0,2.8
24011,2.3,3.2
24013,1.8,2.5
24015,2.5,3.5
24017,2.3,3.3
24019,2.6,3.7
24021,1.9,2.7
24023,2.7,3.6
24025,2.1,2.9
24027,1.9,2.7
24029,2.7,3.6
24031,1.9,2.8
24033,2.4,3.4
24035,1.9,2.6
24037,2.1,2.9
24039,3.1,4.2
24041,2.4,3.4
24043,2.6,3.5
24045,2.6,3.6
24047,3.5,4.4
24510,3.0,4.3
25001,4.4,4.7
25003,3.7,4.0
25005,4.2,4.6
25007,4.4,4.8
25009,3.5,4.1
25011,3.2,3.6
25013,4.4,5.0
25015,3.3,3.8
25017,3.0,3.5
25019,5.8,6.3
25021,3.1,3.6
25023,3.7,4.1
25025,3.4,3.9
25027,3.6,4.0
26001,7.8,8.7
26003,7.7,8.6
26005,3.6,4.1
26007,4.7,5.3
26009,5.2,5.6
26011,6.2,6.9
26013,6.2,7.1
26015,3.9,4.6
26017,5.0,5.5
26019,5.1,5.3
26021,4.1,5.0
26023,3.8,4.1
26025,4.3,5.2
26027,4.4,5.0
26029,4.4,4.8
26031,7.6,8.1
26033,5.6,6.4
26035,6.6,7.3
26037,3.3,3.9
26039,5.7,6.5
26041,5.5,6.1
26043,3.9,5.0
26045,3.6,4.4
26047,5.3,5.7
26049,4.9,5.6
26051,5.9,6.5
26053,5.0,6.0
26055,3.4,3.9
26057,4.6,5.4
26059,4.1,4.8
26061,4.9,5.4
26063,4.9,5.4
26065,3.9,4.5
26067,3.7,4.5
26069,6.5,7.5
26071,6.5,7.5
26073,4.4,5.2
26075,4.1,4.8
26077,3.6,4.1
26079,5.4,5.6
26081,3.3,3.9
26083,6.3,6.4
26085,6.2,6.8
26087,3.9,4.8
26089,3.9,4.4
26091,4.1,4.8
26093,2.8,3.3
26095,6.8,7.7
26097,9.1,9.7
26099,3.5,4.5
26101,5.5,6.2
26103,4.7,5.1
26105,5.2,5.7
26107,5.1,6.1
26109,3.9,4.6
26111,3.8,4.4
26113,4.8,5.3
26115,4.2,5.2
26117,4.0,4.7
26119,6.4,7.5
26121,4.3,5.1
26123,4.6,5.1
26125,2.9,3.6
26127,6.0,6.9
26129,7.0,7.8
26131,6.3,6.9
26133,5.6,6.7
26135,8.5,10.5
26137,4.6,5.3
26139,3.2,3.8
26141,8.0,9.2
26143,6.7,7.8
26145,5.2,5.8
26147,3.7,4.5
26149,4.3,4.9
26151,5.2,6.0
26153,7.3,8.0
26155,4.3,5.0
26157,5.0,5.6
26159,4.5,5.1
26161,3.2,3.8
26163,4.3,5.5
26165,4.7,5.7
27001,5.1,5.4
27003,2.7,3.1
27005,3.2,3.6
27007,3.8,4.1
27009,3.5,3.8
27011,3.4,3.5
27013,2.3,2.7
27015,2.9,3.3
27017,3.7,3.9
27019,2.3,2.7
27021,4.6,5.0
27023,2.9,3.2
27025,3.1,3.6
27027,2.2,2.6
27029,6.7,7.0
27031,3.6,4.1
27033,4.7,4.0
27035,3.5,3.8
27037,2.5,2.9
27039,2.8,3.1
27041,2.7,2.8
27043,2.9,3.3
27045,2.8,2.9
27047,2.7,3.0
27049,2.8,3.2
27051,3.4,4.0
27053,2.5,2.9
27055,2.6,2.9
27057,4.2,4.6
27059,3.6,4.1
27061,4.9,4.9
27063,2.9,3.0
27065,5.6,5.9
27067,3.0,3.2
27069,2.9,3.2
27071,4.0,4.3
27073,2.5,2.8
27075,4.0,3.3
27077,4.0,4.3
27079,3.9,4.3
27081,3.1,3.3
27083,2.7,2.9
27085,3.1,3.4
27087,5.0,4.7
27089,4.4,4.6
27091,2.7,3.0
27093,3.4,3.7
27095,4.5,4.9
27097,4.3,4.5
27099,2.7,2.8
27101,4.2,3.9
27103,2.3,2.7
27105,2.7,2.8
27107,3.4,3.5
27109,2.2,2.4
27111,3.4,3.6
27113,3.6,4.7
27115,5.4,5.8
27117,2.8,2.8
27119,2.9,3.3
27121,2.9,3.3
27123,2.6,3.1
27125,4.1,4.8
27127,2.8,2.9
27129,4.0,4.4
27131,2.8,3.1
27133,2.1,2.1
27135,2.7,3.5
27137,3.2,3.5
27139,2.4,2.8
27141,3.0,3.3
27143,3.4,3.7
27145,2.8,3.1
27147,3.2,3.4
27149,2.2,2.4
27151,2.9,3.5
27153,4.0,4.3
27155,2.7,2.8
27157,2.8,3.0
27159,4.3,4.5
27161,3.5,3.8
27163,2.4,2.8
27165,3.1,3.4
27167,2.5,2.7
27169,2.3,2.5
27171,2.7,3.1
27173,3.0,3.2
28001,4.6,4.9
28003,2.9,2.9
28005,4.0,4.0
28007,3.4,3.4
28009,3.2,3.0
28011,3.7,3.8
28013,3.0,2.8
28015,3.4,3.4
28017,4.2,4.1
28019,3.2,3.6
28021,7.2,7.7
28023,3.2,3.4
28025,3.4,4.1
28027,4.9,5.5
28029,3.4,3.5
28031,2.9,3.0
28033,2.7,2.9
28035,2.9,3.1
28037,4.2,4.1
28039,4.1,4.4
28041,6.1,5.6
28043,3.8,3.5
28045,2.7,2.8
28047,2.9,2.9
28049,3.1,3.2
28051,5.1,5.3
28053,5.0,5.6
28055,7.7,6.6
28057,2.9,2.8
28059,2.9,3.0
28061,3.4,3.5
28063,9.1,9.2
28065,3.3,3.7
28067,2.6,2.6
28069,4.3,4.2
28071,2.8,2.8
28073,2.7,2.8
28075,3.1,3.2
28077,3.7,3.7
28079,2.9,3.0
28081,2.8,2.9
28083,4.6,4.9
28085,3.3,3.3
28087,3.2,3.2
28089,2.5,2.5
28091,3.6,3.6
28093,3.4,3.5
28095,4.2,4.0
28097,3.4,3.4
28099,3.2,3.2
28101,3.4,3.3
28103,3.8,4.0
28105,3.4,3.5
28107,4.0,4.2
28109,3.1,3.1
28111,3.8,3.9
28113,4.0,4.1
28115,3.1,3.1
28117,3.0,3.1
28119,4.5,4.6
28121,2.3,2.3
28123,2.8,2.9
28125,4.7,4.3
28127,2.9,3.0
28129,3.0,3.2
28131,3.3,3.3
28133,3.8,4.2
28135,3.4,3.2
28137,3.1,3.2
28139,2.9,2.8
28141,3.3,3.5
28143,3.7,4.1
28145,2.5,2.5
28147,3.8,4.0
28149,3.4,3.4
28151,4.4,4.5
28153,3.5,3.5
28155,2.7,2.8
28157,5.6,5.4
28159,3.3,3.4
28161,3.3,3.3
28163,3.5,4.0
29001,3.3,4.2
29003,3.0,3.4
29005,2.5,3.2
29007,3.1,3.7
29009,3.4,4.2
29011,3.0,3.7
29013,3.4,4.1
29015,4.5,5.3
29017,2.9,3.6
29019,2.6,3.2
29021,3.3,4.0
29023,4.6,4.9
29025,3.2,3.6
29027,2.9,3.3
29029,3.6,4.3
29031,2.8,3.4
29033,3.3,4.2
29035,4.4,4.8
29037,3.0,3.4
29039,3.8,4.3
29041,2.9,3.8
29043,2.7,3.2
29045,3.8,4.3
29047,2.8,3.3
29049,3.3,3.7
29051,2.6,3.1
29053,3.0,3.5
29055,3.8,4.5
29057,3.2,3.6
29059,3.4,4.4
29061,2.8,3.3
29063,3.6,4.1
29065,3.2,3.8
29067,3.4,4.0
29069,4.7,5.6
29071,2.9,3.5
29073,2.8,3.4
29075,2.9,3.2
29077,2.7,3.3
29079,3.1,3.8
29081,3.1,3.8
29083,3.2,3.7
29085,5.2,6.4
29087,3.1,3.7
29089,3.2,3.7
29091,3.7,4.5
29093,4.2,4.7
29095,3.4,3.9
29097,3.0,3.6
29099,2.8,3.4
29101,3.1,3.7
29103,3.5,4.4
29105,3.3,4.5
29107,3.0,3.5
29109,3.2,3.8
29111,3.4,4.3
29113,3.0,3.4
29115,3.3,3.8
29117,2.6,3.4
29119,4.0,5.5
29121,3.8,4.3
29123,3.8,4.3
29125,3.2,3.8
29127,3.4,3.8
29129,3.0,3.9
29131,3.2,3.7
29133,5.0,6.1
29135,2.6,3.1
29137,3.2,4.0
29139,3.2,3.4
29141,3.8,4.6
29143,3.9,5.6
29145,3.1,3.8
29147,2.3,2.8
29149,3.6,4.2
29151,2.5,2.9
29153,5.0,6.3
29155,4.9,5.9
29157,2.6,3.1
29159,3.2,3.8
29161,3.1,3.8
29163,3.6,3.9
29165,2.7,3.3
29167,3.2,3.9
29169,3.1,3.9
29171,3.1,3.8
29173,3.0,3.6
29175,3.2,3.7
29177,3.2,3.7
29179,3.7,4.5
29181,4.0,4.5
29183,2.6,3.1
29185,3.7,4.1
29186,2.8,3.3
29187,3.7,4.4
29189,3.1,3.7
29195,2.8,3.4
29197,3.0,3.5
29199,2.5,3.2
29201,3.2,3.8
29203,4.8,5.1
29205,2.7,3.3
29207,4.0,4.8
29209,4.6,5.3
29211,3.0,3.7
29213,4.9,5.6
29215,3.5,4.2
29217,3.4,4.0
29219,3.0,3.5
29221,4.0,4.7
29223,5.4,5.6
29225,2.9,3.6
29227,2.7,3.3
29229,3.7,4.8
29510,3.5,4.2
30001,2.5,2.7
30003,4.0,4.5
30005,2.7,3.0
30007,2.5,2.5
30009,2.7,2.9
30011,2.0,2.3
30013,2.7,3.0
30015,2.7,2.4
30017,2.5,2.6
30019,2.0,2.1
30021,2.3,2.4
30023,3.2,3.3
30025,1.7,1.7
30027,2.9,3.1
30029,3.0,3.2
30031,2.1,2.3
30033,3.2,3.3
30035,4.8,4.5
30037,2.5,3.4
30039,4.8,5.2
30041,2.4,2.7
30043,2.7,2.9
30045,2.5,2.9
30047,3.3,3.7
30049,2.6,2.8
30051,2.1,2.1
30053,5.2,5.8
30055,2.2,2.5
30057,3.2,4.6
30059,2.5,2.6
30061,4.0,4.8
30063,2.5,2.9
30065,3.7,4.2
30067,2.7,2.8
30069,3.8,3.8
30071,3.5,3.5
30073,2.7,3.4
30075,2.6,2.1
30077,3.2,3.5
30079,2.1,1.8
30081,3.1,3.3
30083,2.3,2.4
30085,4.0,4.1
30087,3.0,3.2
30089,5.2,5.8
30091,2.2,2.6
30093,3.2,3.4
30095,2.5,2.8
30097,2.0,2.2
30099,2.6,2.7
30101,1.9,2.6
30103,2.5,2.3
30105,2.5,2.6
30107,3.3,4.0
30109,2.5,3.2
30111,2.5,2.8
31001,2.1,2.5
31003,2.2,2.3
31005,2.4,2.8
31007,3.3,3.9
31009,3.6,3.3
31011,1.6,2.0
31013,2.3,3.3
31015,2.6,2.9
31017,2.0,2.0
31019,1.9,2.2
31021,2.9,3.2
31023,1.8,2.2
31025,2.3,2.8
31027,1.8,2.1
31029,2.0,2.4
31031,1.8,1.8
31033,2.3,2.5
31035,2.3,2.6
31037,2.0,2.6
31039,1.8,2.0
31041,2.0,2.1
31043,2.8,3.1
31045,2.4,2.6
31047,2.5,2.7
31049,2.9,2.8
31051,1.9,2.3
31053,2.3,2.8
31055,2.6,3.0
31057,1.9,1.8
31059,2.0,2.0
31061,2.1,2.7
31063,2.5,3.0
31065,2.0,2.4
31067,2.5,3.2
31069,2.6,2.9
31071,2.1,2.8
31073,2.1,2.5
31075,2.0,2.7
31077,2.5,3.1
31079,2.3,3.1
31081,1.8,2.1
31083,1.9,2.0
31085,2.1,2.1
31087,2.6,2.8
31089,1.8,2.0
31091,3.3,4.7
31093,1.9,2.6
31095,2.5,2.7
31097,3.2,3.6
31099,1.9,2.2
31101,2.0,2.4
31103,3.4,3.3
31105,2.1,2.1
31107,2.4,2.7
31109,2.2,2.5
31111,2.3,2.6
31113,2.8,3.6
31115,3.7,4.3
31117,4.1,4.4
31119,2.2,2.5
31121,1.9,2.2
31123,2.5,2.5
31125,2.3,2.5
31127,2.5,3.2
31129,2.2,2.3
31131,2.2,2.6
31133,2.5,3.0
31135,2.0,2.2
31137,1.8,2.1
31139,2.0,2.2
31141,2.0,2.3
31143,2.0,2.2
31145,2.0,2.3
31147,2.3,3.0
31149,2.1,2.3
31151,2.6,2.9
31153,2.2,2.6
31155,1.9,2.2
31157,2.8,3.2
31159,1.9,2.3
31161,2.0,2.3
31163,2.4,2.7
31165,2.2,2.3
31167,2.1,2.3
31169,2.0,2.5
31171,4.3,4.2
31173,2.7,2.6
31175,2.0,2.1
31177,2.2,2.5
31179,2.0,2.4
31181,2.2,2.5
31183,2.6,2.4
31185,2.4,2.5
32001,4.6,4.8
32003,5.3,5.6
32005,4.7,4.7
32007,3.8,3.9
32009,5.8,7.5
32011,5.8,6.6
32013,4.0,4.1
32015,5.0,5.2
32017,5.3,5.1
32019,5.0,5.2
32021,8.5,8.7
32023,6.8,7.2
32027,5.4,5.3
32029,5.7,5.9
32031,4.4,4.6
32033,4.3,4.4
32510,4.4,4.5
33001,2.2,2.4
33003,2.2,2.4
33005,2.3,2.5
33007,2.7,2.7
33009,2.0,2.2
33011,2.4,2.8
33013,2.0,2.3
33015,2.5,2.7
33017,2.0,2.3
33019,2.1,2.3
34001,5.3,5.8
34003,3.6,3.8
34005,4.0,4.3
34007,4.8,5.1
34009,8.0,8.3
34011,6.8,7.3
34013,5.2,5.6
34015,4.2,4.5
34017,4.0,4.3
34019,3.4,3.6
34021,4.2,4.6
34023,4.2,4.6
34025,4.0,4.2
34027,3.5,3.8
34029,4.4,4.7
34031,5.1,5.4
34033,5.6,6.1
34035,3.5,3.9
34037,4.1,4.4
34039,4.5,4.9
34041,4.0,4.4
35001,3.4,3.7
35003,5.4,5.4
35005,3.6,4.0
35006,4.9,5.4
35007,3.5,4.2
35009,3.0,3.3
35011,3.9,4.2
35013,4.3,4.9
35015,2.8,3.3
35017,3.9,4.2
35019,4.0,4.4
35021,3.0,3.1
35023,4.3,5.4
35025,3.2,3.5
35027,3.3,4.3
35028,1.6,1.8
35029,10.3,12.2
35031,4.8,5.5
35033,6.1,5.9
35035,3.9,4.3
35037,3.5,4.0
35039,3.7,4.1
35041,3.4,3.8
35043,3.4,3.8
35045,4.2,4.6
35047,4.5,4.7
35049,3.3,3.6
35051,5.7,5.9
35053,4.1,4.7
35055,4.3,4.6
35057,4.5,5.1
35059,3.4,3.7
35061,3.9,4.3
36001,3.1,3.3
36003,4.2,4.4
36005,6.6,6.6
36007,3.7,4.0
36009,4.1,4.1
36011,3.5,3.7
36013,4.0,4.1
36015,3.6,3.7
36017,3.4,3.4
36019,3.4,3.8
36021,3.0,3.1
36023,4.1,4.2
36025,3.9,4.0
36027,3.0,3.2
36029,3.5,3.8
36031,3.5,3.4
36033,3.7,3.8
36035,3.8,3.9
36037,3.2,3.4
36039,3.5,3.7
36041,5.0,5.1
36043,3.8,4.1
36045,4.1,4.4
36047,5.1,5.1
36049,4.0,4.2
36051,3.5,3.7
36053,3.7,3.8
36055,3.4,3.7
36057,4.3,4.3
36059,3.1,3.2
36061,4.5,4.6
36063,3.8,4.2
36065,3.5,3.7
36067,3.3,3.4
36069,3.2,3.3
36071,3.5,3.7
36073,3.6,3.8
36075,4.0,4.1
36077,4.0,4.1
36079,2.8,3.0
36081,4.4,4.5
36083,3.2,3.4
36085,4.6,4.5
36087,3.0,3.2
36089,4.2,4.4
36091,2.7,2.9
36093,3.4,3.7
36095,4.2,4.1
36097,3.7,4.0
36099,3.5,3.7
36101,3.7,3.9
36103,3.3,3.4
36105,3.3,3.5
36107,3.3,3.5
36109,3.2,3.4
36111,3.4,3.5
36113,3.5,3.6
36115,3.2,3.4
36117,3.2,3.5
36119,3.0,3.3
36121,3.6,3.6
36123,3.1,3.3
37001,3.5,3.6
37003,3.5,3.7
37005,4.2,3.7
37007,4.4,4.4
37009,3.1,3.1
37011,3.3,4.3
37013,3.9,3.7
37015,4.7,4.8
37017,4.7,5.0
37019,4.0,4.0
37021,2.9,4.4
37023,3.3,3.6
37025,3.3,3.5
37027,3.2,3.5
37029,2.8,2.8
37031,3.3,3.3
37033,3.6,3.6
37035,3.4,3.6
37037,3.0,3.1
37039,3.8,3.9
37041,3.3,3.4
37043,3.4,3.3
37045,3.9,4.1
37047,4.1,4.4
37049,3.6,3.7
37051,4.5,4.5
37053,2.9,2.8
37055,4.2,4.1
37057,3.5,3.7
37059,3.2,3.3
37061,3.3,3.3
37063,3.1,3.1
37065,5.5,5.3
37067,3.7,3.8
37069,3.3,3.3
37071,3.5,3.7
37073,3.5,3.4
37075,3.5,3.5
37077,3.4,3.5
37079,3.0,3.1
37081,3.9,4.1
37083,5.3,5.2
37085,3.7,3.9
37087,3.2,3.6
37089,2.8,3.3
37091,4.2,4.2
37093,4.3,4.3
37095,6.1,5.6
37097,3.2,3.4
37099,3.6,3.4
37101,3.1,3.1
37103,3.6,3.7
37105,3.6,3.5
37107,3.9,4.0
37109,3.2,3.3
37111,3.4,4.1
37113,3.3,3.4
37115,3.0,4.0
37117,4.0,4.1
37119,3.5,3.7
37121,3.3,4.6
37123,3.7,3.9
37125,3.4,3.3
37127,4.5,4.5
37129,3.4,3.4
37131,4.7,4.5
37133,3.7,3.8
37135,3.1,3.2
37137,3.7,3.8
37139,3.9,3.7
37141,3.3,3.3
37143,3.6,3.8
37145,3.2,3.4
37147,4.1,4.1
37149,3.1,3.3
37151,3.5,3.5
37153,3.8,4.0
37155,5.0,5.1
37157,3.9,3.8
37159,3.5,3.6
37161,4.0,4.3
37163,3.9,4.0
37165,5.4,5.2
37167,3.1,3.1
37169,3.2,3.4
37171,3.2,3.3
37173,3.3,3.5
37175,3.3,3.5
37177,5.8,5.2
37179,3.1,3.3
37181,4.6,4.4
37183,3.0,3.2
37185,4.5,4.7
37187,5.0,4.5
37189,3.4,3.4
37191,3.7,3.7
37193,3.6,3.7
37195,4.6,5.1
37197,3.2,3.1
37199,3.3,4.2
38001,1.9,2.3
38003,2.1,3.0
38005,3.0,3.3
38007,1.7,2.2
38009,2.5,2.9
38011,1.4,1.9
38013,1.7,2.3
38015,1.9,2.2
38017,1.8,2.2
38019,2.7,3.2
38021,1.8,2.1
38023,1.6,2.4
38025,1.8,2.3
38027,2.8,2.7
38029,4.2,4.0
38031,1.7,1.9
38033,1.6,1.9
38035,1.9,2.1
38037,1.9,1.9
38039,1.9,2.3
38041,1.9,2.4
38043,3.6,3.7
38045,1.8,2.2
38047,2.4,2.4
38049,3.3,3.6
38051,1.7,2.2
38053,1.7,2.3
38055,2.7,2.8
38057,2.7,2.9
38059,2.3,2.5
38061,2.0,2.5
38063,2.4,2.3
38065,3.4,3.8
38067,3.1,3.4
38069,2.7,2.9
38071,2.1,2.2
38073,1.7,3.2
38075,1.9,2.1
38077,1.9,2.6
38079,5.5,5.7
38081,2.0,4.3
38083,3.6,3.6
38085,2.4,2.9
38087,2.9,3.1
38089,1.9,2.3
38091,2.3,3.1
38093,2.0,2.3
38095,2.3,2.5
38097,2.0,2.2
38099,3.0,3.1
38101,2.0,2.3
38103,2.7,2.7
38105,2.0,2.5
39001,5.3,6.2
39003,3.8,4.5
39005,3.5,4.4
39007,3.9,4.3
39009,4.3,5.3
39011,2.8,3.7
39013,4.5,5.4
39015,4.1,5.1
39017,3.5,4.3
39019,4.2,4.9
39021,3.5,4.3
39023,3.8,4.8
39025,3.4,4.2
39027,3.5,4.2
39029,4.3,4.9
39031,4.2,4.9
39033,4.2,4.9
39035,3.8,3.9
39037,3.3,4.0
39039,3.3,4.1
39041,2.9,3.7
39043,4.5,4.9
39045,3.3,4.1
39047,4.2,4.6
39049,3.3,4.2
39051,3.8,4.9
39053,4.4,5.3
39055,3.1,3.3
39057,3.4,4.1
39059,4.8,5.6
39061,3.4,4.2
39063,3.2,4.0
39065,3.7,4.5
39067,4.6,5.1
39069,4.2,4.8
39071,4.2,4.7
39073,4.0,4.8
39075,3.0,3.3
39077,4.5,5.3
39079,4.2,5.3
39081,4.9,5.9
39083,3.5,4.2
39085,3.4,3.6
39087,4.1,5.0
39089,3.4,4.2
39091,3.2,4.1
39093,3.9,4.0
39095,4.4,6.1
39097,3.2,3.9
39099,4.2,5.0
39101,3.6,4.5
39103,3.2,3.3
39105,5.6,6.9
39107,2.5,3.3
39109,3.4,4.0
39111,5.2,6.3
39113,3.9,4.6
39115,4.9,5.6
39117,3.6,4.3
39119,3.9,4.7
39121,5.5,6.6
39123,5.2,6.2
39125,3.2,4.1
39127,4.3,5.2
39129,3.4,4.2
39131,4.7,5.6
39133,3.6,4.4
39135,3.3,4.0
39137,2.9,3.6
39139,4.2,5.0
39141,3.8,4.7
39143,3.9,4.8
39145,5.0,5.9
39147,3.7,4.5
39149,3.1,4.0
39151,3.9,4.6
39153,3.8,4.5
39155,4.4,5.2
39157,3.6,4.1
39159,2.7,3.4
39161,3.0,3.9
39163,4.6,5.2
39165,3.1,3.9
39167,4.2,5.1
39169,3.2,3.9
39171,3.5,4.5
39173,3.4,4.4
39175,3.0,4.0
40001,3.7,3.9
40003,2.9,2.7
40005,3.4,3.5
40007,2.2,2.4
40009,3.5,3.1
40011,3.2,3.1
40013,3.0,3.1
40015,3.0,3.0
40017,2.6,2.7
40019,3.5,3.8
40021,3.1,3.3
40023,3.6,3.3
40025,2.0,2.2
40027,2.7,2.8
40029,4.1,3.6
40031,3.7,3.5
40033,3.0,3.1
40035,3.3,3.3
40037,3.3,3.4
40039,2.7,2.8
40041,3.5,3.7
40043,2.5,2.2
40045,2.5,2.6
40047,3.0,3.1
40049,3.2,3.2
40051,2.9,2.9
40053,2.6,2.6
40055,3.4,3.4
40057,2.1,2.2
40059,2.2,2.5
40061,3.8,4.4
40063,4.7,5.0
40065,2.6,2.5
40067,3.7,4.1
40069,3.7,4.0
40071,3.3,3.4
40073,2.4,2.5
40075,3.4,3.2
40077,3.9,4.1
40079,4.1,4.1
40081,3.3,3.3
40083,3.0,3.0
40085,4.0,4.9
40087,2.7,2.7
40089,4.2,4.1
40091,5.3,5.2
40093,2.7,2.9
40095,3.2,3.3
40097,3.4,3.2
40099,3.3,3.5
40101,4.1,4.4
40103,2.7,2.6
40105,3.0,3.1
40107,4.4,4.2
40109,3.1,3.2
40111,4.1,4.1
40113,3.7,3.8
40115,3.2,3.3
40117,3.6,3.6
40119,3.0,3.1
40121,4.2,4.3
40123,3.1,2.9
40125,3.7,3.5
40127,3.9,4.6
40129,2.4,2.4
40131,2.8,2.8
40133,4.6,4.9
40135,3.5,3.6
40137,3.5,3.5
40139,1.8,1.9
40141,4.7,3.7
40143,3.1,3.2
40145,3.0,3.0
40147,3.3,3.4
40149,2.9,2.8
40151,2.0,2.4
40153,2.7,2.8
41001,4.8,4.8
41003,3.2,3.7
41005,3.4,4.0
41007,3.8,4.3
41009,4.3,4.8
41011,4.6,5.0
41013,5.1,5.4
41015,5.1,5.8
41017,3.7,4.2
41019,4.9,5.4
41021,4.4,4.8
41023,5.3,6.0
41025,4.3,4.6
41027,3.1,3.5
41029,4.5,5.0
41031,4.5,4.7
41033,5.3,5.9
41035,5.6,6.0
41037,5.2,5.2
41039,3.9,4.3
41041,4.5,5.2
41043,4.1,4.8
41045,3.9,4.1
41047,3.8,4.3
41049,3.6,4.0
41051,3.6,4.2
41053,3.7,4.1
41055,4.0,4.3
41057,4.1,4.4
41059,4.5,4.6
41061,4.0,4.8
41063,4.6,4.6
41065,4.2,4.4
41067,3.2,3.8
41069,3.3,3.8
41071,3.6,4.0
42001,3.0,3.2
42003,3.5,3.6
42005,4.3,4.5
42007,4.3,4.1
42009,3.9,4.0
42011,3.7,3.9
42013,3.7,3.7
42015,3.7,3.9
42017,3.3,3.5
42019,3.4,3.4
42021,4.3,4.4
42023,5.6,5.6
42025,4.3,4.2
42027,2.9,3.0
42029,2.8,2.9
42031,4.3,4.2
42033,4.1,4.1
42035,4.3,4.4
42037,4.2,4.4
42039,3.9,3.9
42041,2.9,3.1
42043,3.5,3.7
42045,3.4,3.7
42047,3.5,3.9
42049,4.1,4.0
42051,4.9,4.9
42053,5.9,5.7
42055,3.1,3.2
42057,3.4,3.4
42059,4.4,4.7
42061,4.6,4.7
42063,4.5,4.5
42065,4.1,4.2
42067,3.7,4.0
42069,4.1,4.2
42071,2.9,3.0
42073,4.5,4.5
42075,3.1,3.3
42077,4.1,4.1
42079,4.6,4.7
42081,4.0,4.1
42083,4.5,4.3
42085,4.1,4.2
42087,3.4,3.4
42089,4.8,4.4
42091,3.0,3.2
42093,2.8,3.0
42095,3.8,3.9
42097,4.1,4.2
42099,3.3,3.5
42101,4.3,4.7
42103,4.6,4.5
42105,5.2,5.0
42107,4.3,4.3
42109,3.6,3.6
42111,4.1,4.2
42113,4.0,4.1
42115,3.8,3.9
42117,4.1,4.3
42119,3.4,3.6
42121,4.5,4.2
42123,4.1,4.1
42125,3.7,3.8
42127,4.4,4.3
42129,3.8,3.8
42131,4.3,4.2
42133,3.2,3.6
44001,2.5,3.5
44003,2.7,3.8
44005,2.8,3.9
44007,3.2,4.6
44009,2.5,3.5
45001,3.6,4.4
45003,2.9,4.0
45005,4.7,6.2
45007,2.7,3.8
45009,4.4,6.1
45011,3.9,5.5
45013,2.7,3.8
45015,2.6,3.6
45017,3.3,4.5
45019,2.4,3.3
45021,4.1,5.6
45023,3.9,5.5
45025,3.6,4.7
45027,4.0,5.3
45029,3.4,4.6
45031,3.4,4.7
45033,4.5,6.0
45035,2.6,3.7
45037,2.8,3.6
45039,3.8,5.0
45041,3.2,4.4
45043,3.2,4.5
45045,2.6,3.7
45047,3.8,5.1
45049,3.0,3.9
45051,3.5,4.8
45053,2.8,4.0
45055,2.9,4.0
45057,3.2,4.3
45059,3.3,4.4
45061,4.3,6.2
45063,2.5,3.5
45065,3.9,5.2
45067,4.9,6.1
45069,6.7,7.0
45071,3.0,4.2
45073,2.8,3.9
45075,4.2,5.9
45077,2.9,4.0
45079,3.0,4.3
45081,2.8,3.6
45083,3.0,4.2
45085,3.8,5.1
45087,4.4,5.6
45089,4.6,6.4
45091,2.9,4.1
46003,1.5,1.6
46005,1.8,1.7
46007,2.3,2.9
46009,1.9,2.0
46011,1.8,1.8
46013,1.8,1.8
46015,1.3,1.3
46017,4.4,4.7
46019,1.7,1.7
46021,2.3,2.3
46023,1.9,1.9
46025,2.1,2.0
46027,1.8,1.8
46029,1.7,1.7
46031,3.2,3.4
46033,2.2,2.2
46035,1.6,1.6
46037,2.5,1.9
46039,2.3,2.0
46041,5.1,4.7
46043,1.8,1.8
46045,2.0,1.8
46047,2.2,2.4
46049,1.5,1.5
46051,2.3,2.5
46053,1.7,1.6
46055,1.9,1.8
46057,1.7,1.5
46059,1.4,1.4
46061,2.0,2.3
46063,1.6,1.5
46065,1.5,1.5
46067,1.8,1.8
46069,1.6,2.0
46071,3.9,3.4
46073,1.8,1.8
46075,2.8,3.2
46077,1.8,1.8
46079,1.6,1.5
46081,1.7,1.7
46083,1.5,1.5
46085,2.5,2.1
46087,1.6,1.6
46089,2.0,2.0
46091,2.1,2.0
46093,1.8,1.7
46095,2.8,3.0
46097,1.7,2.7
46099,1.7,1.8
46101,2.2,2.1
46102,4.7,5.4
46103,1.8,1.8
46105,1.6,1.4
46107,2.0,2.0
46109,2.7,2.7
46111,1.4,1.5
46115,1.9,2.0
46117,1.6,1.5
46119,1.6,1.5
46121,3.9,4.2
46123,1.5,1.4
46125,1.8,1.7
46127,1.9,2.0
46129,2.4,2.5
46135,1.6,1.5
46137,3.8,3.4
47001,3.3,3.3
47003,3.0,3.1
47005,4.7,4.6
47007,3.4,3.2
47009,2.9,3.0
47011,3.5,3.7
47013,3.7,3.6
47015,2.9,3.1
47017,4.0,3.9
47019,3.7,3.9
47021,2.6,2.8
47023,3.7,3.9
47025,3.8,4.0
47027,4.0,4.5
47029,4.5,4.6
47031,3.3,3.3
47033,3.4,3.4
47035,4.3,4.5
47037,2.7,2.8
47039,4.5,4.2
47041,3.8,4.1
47043,2.7,2.8
47045,3.2,3.3
47047,3.4,3.5
47049,3.8,3.6
47051,3.6,3.8
47053,3.5,3.7
47055,3.7,3.9
47057,3.5,3.5
47059,4.2,4.5
47061,4.2,4.3
47063,3.6,3.5
47065,3.0,3.1
47067,4.2,4.4
47069,4.5,4.5
47071,3.8,3.8
47073,4.0,4.0
47075,3.8,3.0
47077,3.6,3.8
47079,4.0,4.0
47081,2.8,3.1
47083,3.9,4.4
47085,3.5,3.7
47087,4.0,4.0
47089,3.4,3.5
47091,4.1,4.7
47093,2.8,2.9
47095,4.5,4.7
47097,4.9,4.7
47099,3.5,3.8
47101,3.2,3.6
47103,3.1,3.4
47105,3.1,3.4
47107,4.2,4.3
47109,3.8,4.0
47111,2.8,2.8
47113,3.6,3.8
47115,4.0,3.9
47117,3.1,3.4
47119,2.7,3.0
47121,5.2,5.0
47123,3.8,4.1
47125,3.4,3.5
47127,3.2,3.4
47129,4.1,4.0
47131,3.5,3.7
47133,3.4,3.4
47135,5.9,5.2
47137,5.1,4.9
47139,3.8,3.8
47141,3.3,3.3
47143,4.2,4.1
47145,3.6,3.7
47147,2.8,2.9
47149,2.6,2.8
47151,4.3,4.1
47153,3.9,3.8
47155,3.2,3.1
47157,4.2,4.4
47159,2.9,3.0
47161,3.5,3.7
47163,3.4,3.5
47165,2.7,2.8
47167,3.5,3.7
47169,2.8,2.8
47171,3.7,4.1
47173,3.3,3.5
47175,3.5,3.5
47177,3.9,3.8
47179,3.1,3.2
47181,3.9,3.8
47183,3.8,4.3
47185,3.9,4.1
47187,2.6,2.7
47189,2.7,2.8
48001,4.2,4.5
48003,2.9,3.0
48005,4.3,4.2
48007,4.9,4.7
48009,3.5,3.7
48011,3.6,3.1
48013,3.9,4.1
48015,3.8,3.8
48017,4.3,4.2
48019,3.9,4.0
48021,3.6,3.7
48023,2.8,3.0
48025,4.6,4.6
48027,4.3,4.4
48029,3.8,3.9
48031,3.4,3.5
48033,2.7,3.1
48035,3.9,3.9
48037,4.2,4.1
48039,4.5,4.5
48041,3.4,3.4
48043,2.9,2.9
48045,3.1,3.2
48047,3.9,4.2
48049,3.9,3.7
48051,3.7,3.7
48053,3.4,3.5
48055,3.4,3.6
48057,3.6,3.3
48059,3.4,3.3
48061,5.3,5.2
48063,4.1,4.5
48065,2.9,2.9
48067,5.0,5.2
48069,2.8,2.8
48071,4.9,4.7
48073,4.2,4.4
48075,2.7,2.7
48077,3.7,3.7
48079,3.7,4.2
48081,3.1,2.8
48083,3.8,3.7
48085,3.7,3.8
48087,2.9,3.2
48089,3.7,3.8
48091,3.6,3.6
48093,3.1,3.0
48095,3.5,3.4
48097,3.3,3.6
48099,4.4,4.5
48101,2.0,2.2
48103,2.7,2.6
48105,3.1,3.3
48107,4.2,4.0
48109,3.6,3.3
48111,2.8,2.8
48113,4.0,4.2
48115,4.2,4.2
48117,3.3,3.3
48119,5.0,4.4
48121,3.6,3.8
48123,4.2,4.5
48125,4.3,4.1
48127,6.4,6.9
48129,3.9,4.4
48131,5.0,5.3
48133,4.9,5.3
48135,3.4,3.5
48137,2.6,3.0
48139,3.6,3.7
48141,4.2,4.2
48143,3.5,3.6
48145,4.3,4.3
48147,3.9,3.7
48149,4.0,3.8
48151,2.8,3.1
48153,4.0,4.2
48155,3.3,3.3
48157,4.0,4.2
48159,3.6,3.8
48161,4.8,4.7
48163,4.7,6.2
48165,3.2,3.2
48167,4.3,4.4
48169,4.4,4.9
48171,2.9,3.0
48173,3.2,3.1
48175,3.9,4.2
48177,3.6,3.8
48179,3.5,3.8
48181,3.8,3.9
48183,4.4,4.8
48185,4.5,4.4
48187,3.5,3.6
48189,4.0,4.0
48191,3.8,4.6
48193,3.9,4.1
48195,3.0,3.3
48197,4.2,3.6
48199,4.8,4.6
48201,4.3,4.5
48203,4.4,4.9
48205,2.9,3.0
48207,4.1,3.9
48209,3.3,3.4
48211,3.8,4.4
48213,4.6,4.5
48215,6.1,6.0
48217,4.1,4.0
48219,3.7,3.8
48221,4.2,4.3
48223,3.5,3.3
48225,4.3,4.4
48227,3.8,3.6
48229,4.1,4.1
48231,3.9,4.1
48233,4.0,4.5
48235,3.2,3.1
48237,4.2,5.3
48239,3.8,4.2
48241,5.9,6.0
48243,5.1,4.9
48245,6.0,5.9
48247,4.1,4.6
48249,5.1,5.2
48251,3.5,3.6
48253,3.7,3.5
48255,4.0,4.2
48257,3.8,4.0
48259,3.5,3.4
48261,7.8,7.2
48263,3.7,4.5
48265,3.3,3.3
48267,3.2,3.3
48269,1.4,2.6
48271,4.2,4.0
48273,4.5,4.4
48275,3.1,3.5
48277,4.4,4.0
48279,3.6,3.7
48281,4.0,4.0
48283,3.6,4.7
48285,3.2,3.1
48287,3.7,3.5
48289,4.1,3.9
48291,5.3,5.3
48293,4.1,4.3
48295,3.1,3.2
48297,4.7,4.8
48299,4.0,4.1
48301,1.3,1.3
48303,3.4,3.5
48305,3.4,3.4
48307,4.1,4.4
48309,3.8,3.8
48311,5.3,5.8
48313,4.3,4.6
48315,5.6,5.5
48317,2.8,3.0
48319,3.2,3.8
48321,5.7,5.6
48323,7.5,7.9
48325,3.9,4.1
48327,3.1,3.3
48329,2.8,3.0
48331,4.0,4.3
48333,3.4,3.2
48335,3.1,3.2
48337,3.9,4.3
48339,3.8,4.0
48341,3.0,3.0
48343,5.4,5.5
48345,3.7,3.9
48347,4.2,4.3
48349,4.3,4.5
48351,6.8,6.5
48353,3.9,3.8
48355,4.2,4.2
48357,3.0,3.1
48359,3.2,3.4
48361,4.9,4.7
48363,3.9,4.0
48365,4.6,5.2
48367,3.3,3.4
48369,2.8,2.8
48371,3.7,4.0
48373,5.1,5.1
48375,3.4,3.5
48377,7.1,6.5
48379,4.1,4.0
48381,3.0,2.9
48383,3.7,3.9
48385,4.8,4.6
48387,4.9,4.6
48389,4.4,3.9
48391,4.2,4.5
48393,3.8,4.3
48395,4.0,4.3
48397,3.4,3.6
48399,3.8,3.4
48401,4.3,4.5
48403,6.7,6.0
48405,5.2,5.2
48407,5.1,5.4
48409,4.7,4.8
48411,3.8,3.8
48413,4.0,4.6
48415,4.0,3.8
48417,3.2,3.4
48419,5.1,4.9
48421,2.7,2.9
48423,3.7,3.8
48425,4.0,4.0
48427,9.2,9.5
48429,4.4,4.4
48431,3.6,3.2
48433,2.2,2.2
48435,5.3,5.5
48437,4.8,4.3
48439,3.8,4.0
48441,3.4,3.4
48443,3.6,3.7
48445,3.9,3.8
48447,3.6,4.2
48449,3.7,3.9
48451,3.2,3.2
48453,3.5,3.5
48455,5.0,5.1
48457,6.2,6.0
48459,4.2,4.5
48461,1.8,1.7
48463,4.2,4.2
48465,5.7,5.2
48467,4.0,4.2
48469,4.0,4.1
48471,4.1,4.1
48473,4.4,4.8
48475,3.6,3.4
48477,3.8,3.8
48479,4.1,4.2
48481,4.3,4.3
48483,3.2,3.3
48485,3.7,3.8
48487,3.9,3.6
48489,6.0,5.4
48491,3.5,3.6
48493,3.4,3.4
48495,3.4,3.2
48497,3.5,3.7
48499,4.5,4.8
48501,3.5,3.6
48503,3.4,3.4
48505,6.4,7.1
48507,5.3,6.1
49001,3.1,3.2
49003,2.6,3.2
49005,2.4,2.9
49007,3.6,4.0
49009,3.4,3.1
49011,2.4,3.0
49013,2.8,3.5
49015,3.3,3.7
49017,7.9,7.8
49019,3.7,4.0
49021,2.6,3.1
49023,2.6,3.3
49025,3.2,3.7
49027,2.5,3.1
49029,2.2,2.8
49031,5.4,5.9
49033,2.9,3.3
49035,2.8,3.3
49037,3.8,4.4
49039,2.9,3.5
49041,3.0,3.7
49043,2.6,2.9
49045,2.7,3.3
49047,3.0,3.3
49049,2.7,3.4
49051,2.4,2.9
49053,3.0,3.4
49055,5.2,5.4
49057,2.7,3.2
50001,1.7,2.0
50003,2.4,2.8
50005,2.1,2.3
50007,1.5,1.9
50009,2.7,3.2
50011,1.9,2.3
50013,2.3,2.6
50015,2.3,2.6
50017,2.0,2.4
50019,3.3,3.7
50021,2.4,2.7
50023,2.0,2.3
50025,2.1,2.4
50027,1.7,2.1
51001,3.7,3.7
51003,2.5,2.7
51005,3.5,3.9
51007,2.9,3.2
51009,2.9,3.1
51011,3.1,3.2
51013,2.1,2.2
51015,2.3,2.5
51017,2.9,2.6
51019,2.7,3.0
51021,3.0,3.3
51023,2.5,2.6
51025,3.8,4.0
51027,3.9,4.2
51029,3.4,3.5
51031,2.9,3.1
51033,3.0,3.2
51035,3.6,3.9
51036,3.1,3.5
51037,3.4,3.5
51041,2.7,2.9
51043,2.3,2.7
51045,3.3,3.4
51047,2.4,2.7
51049,2.9,2.8
51051,3.8,4.3
51053,3.0,3.1
51057,3.7,4.1
51059,2.3,2.6
51061,2.2,2.4
51063,2.4,2.7
51065,2.5,2.5
51067,2.8,3.1
51069,2.5,2.7
51071,2.8,3.1
51073,2.5,2.6
51075,2.6,2.8
51077,3.0,3.1
51079,2.3,2.5
51081,4.0,4.7
51083,3.8,4.3
51085,2.4,2.6
51087,2.8,3.0
51089,3.6,4.1
51091,2.9,3.0
51093,2.7,2.8
51095,2.7,2.9
51097,2.6,3.0
51099,2.6,2.8
51101,2.5,2.6
51103,4.3,4.4
51105,3.6,3.8
51107,2.3,2.5
51109,2.9,3.1
51111,3.6,3.8
51113,2.4,2.6
51115,2.9,3.1
51117,3.2,3.4
51119,2.8,3.0
51121,2.8,3.1
51125,2.6,2.7
51127,2.5,2.5
51131,3.6,3.7
51133,4.9,4.8
51135,3.5,3.6
51137,2.7,2.9
51139,3.3,3.6
51141,3.0,3.3
51143,3.1,3.4
51145,2.4,2.4
51147,4.3,4.7
51149,2.7,3.0
51153,2.5,2.7
51155,2.7,3.2
51157,2.4,2.7
51159,3.6,3.9
51161,2.5,2.7
51163,2.5,2.7
51165,2.3,2.6
51167,3.8,4.0
51169,3.4,3.5
51171,2.6,3.0
51173,3.2,3.8
51175,2.7,2.9
51177,2.7,2.9
51179,2.6,2.8
51181,2.8,3.0
51183,3.0,3.5
51185,3.8,4.2
51187,2.6,2.8
51191,3.0,3.1
51193,4.0,4.3
51195,3.6,3.9
51197,2.7,3.0
51199,2.6,2.7
51510,2.2,2.4
51520,3.4,3.7
51530,2.9,3.2
51540,2.3,2.5
51550,2.8,2.9
51570,2.8,3.2
51580,3.8,4.2
51590,4.6,5.2
51595,4.2,5.9
51600,2.2,2.4
51610,2.3,2.4
51620,3.7,4.0
51630,2.8,3.1
51640,3.7,3.6
51650,3.4,3.6
51660,3.0,3.4
51670,4.1,4.4
51678,4.0,4.3
51680,3.6,3.8
51683,2.2,2.5
51685,2.3,2.5
51690,4.2,4.6
51700,3.2,3.5
51710,3.2,3.5
51720,3.7,3.6
51730,4.5,5.0
51735,2.3,2.5
51740,3.5,3.8
51750,3.2,3.7
51760,3.1,3.3
51770,3.0,3.3
51775,2.7,2.9
51790,2.4,2.7
51800,2.8,3.0
51810,2.7,2.8
51820,2.6,2.8
51830,3.9,4.2
51840,2.8,3.1
53001,4.8,4.8
53003,3.3,3.5
53005,4.6,4.7
53007,4.3,4.6
53009,4.6,5.0
53011,3.9,4.3
53013,3.6,4.1
53015,4.8,5.1
53017,4.7,5.0
53019,7.1,7.3
53021,5.1,5.2
53023,4.7,4.4
53025,5.3,5.5
53027,5.9,6.1
53029,4.2,4.6
53031,4.9,5.1
53033,3.9,4.2
53035,4.0,4.4
53037,4.4,4.7
53039,4.8,5.0
53041,5.2,5.6
53043,5.4,6.0
53045,5.1,5.5
53047,5.3,5.3
53049,6.0,6.2
53051,5.7,6.0
53053,4.4,4.6
53055,3.4,4.0
53057,4.5,4.9
53059,4.1,4.4
53061,4.1,4.3
53063,4.0,4.4
53065,5.7,5.9
53067,4.0,4.4
53069,6.6,7.3
53071,3.9,4.1
53073,4.0,4.4
53075,3.5,3.9
53077,5.6,5.9
54001,5.1,5.0
54003,3.1,3.2
54005,4.1,4.6
54007,5.0,5.7
54009,4.8,5.3
54011,3.6,3.8
54013,6.4,7.6
54015,6.5,7.4
54017,3.8,4.0
54019,4.2,4.3
54021,4.3,5.0
54023,4.0,4.3
54025,3.7,3.8
54027,3.1,3.3
54029,5.5,5.6
54031,3.4,3.5
54033,3.5,3.8
54035,4.8,5.3
54037,2.7,2.7
54039,3.6,3.9
54041,4.6,4.8
54043,4.7,4.8
54045,3.9,4.3
54047,6.9,7.9
54049,3.9,4.0
54051,4.8,4.8
54053,4.1,4.2
54055,3.9,4.1
54057,3.9,4.2
54059,4.8,5.8
54061,3.1,3.2
54063,3.4,4.0
54065,3.1,3.2
54067,4.4,4.8
54069,4.1,4.0
54071,2.9,3.2
54073,4.4,4.9
54075,4.9,4.9
54077,4.2,4.2
54079,3.3,3.4
54081,3.7,3.8
54083,5.2,5.4
54085,4.9,5.3
54087,6.0,6.6
54089,3.9,4.3
54091,3.9,4.0
54093,3.5,3.6
54095,5.9,6.0
54097,4.2,4.7
54099,4.1,4.4
54101,4.9,5.9
54103,6.9,6.6
54105,6.0,6.3
54107,4.0,4.1
54109,4.3,4.6
55001,4.7,4.7
55003,3.5,3.4
55005,3.5,3.6
55007,4.3,4.1
55009,2.5,2.6
55011,3.5,3.6
55013,4.5,4.5
55015,2.1,2.3
55017,3.3,3.3
55019,2.6,2.9
55021,2.5,2.7
55023,3.6,3.7
55025,2.2,2.4
55027,2.4,2.6
55029,3.0,3.0
55031,4.2,4.1
55033,3.1,3.2
55035,2.5,2.7
55037,3.6,4.0
55039,2.5,3.0
55041,4.3,4.0
55043,2.7,3.1
55045,2.4,2.4
55047,3.2,3.2
55049,2.5,2.7
55051,4.8,4.9
55053,3.8,3.8
55055,2.5,2.6
55057,3.1,3.4
55059,3.1,3.2
55061,2.3,2.4
55063,2.5,2.6
55065,2.4,2.5
55067,3.4,3.5
55069,3.1,3.3
55071,2.7,2.8
55073,2.5,2.6
55075,3.6,4.0
55077,3.6,3.7
55078,5.8,5.5
55079,3.5,3.8
55081,2.5,2.7
55083,3.1,3.2
55085,3.3,3.4
55087,2.4,2.6
55089,2.4,2.5
55091,3.1,3.1
55093,3.3,3.5
55095,4.2,4.3
55097,2.8,3.0
55099,3.1,4.0
55101,3.3,3.5
55103,3.0,3.0
55105,3.2,3.2
55107,3.5,4.1
55109,3.1,3.4
55111,2.5,2.6
55113,4.1,4.0
55115,2.8,3.0
55117,2.3,2.5
55119,3.7,3.6
55121,3.2,3.2
55123,2.8,2.9
55125,3.8,3.8
55127,2.8,2.8
55129,3.8,4.0
55131,2.4,2.6
55133,2.5,2.6
55135,2.7,2.8
55137,3.3,3.5
55139,2.5,2.7
55141,3.0,3.2
56001,2.5,2.7
56003,3.4,3.8
56005,2.6,2.9
56007,3.4,3.5
56009,2.8,3.0
56011,2.3,2.5
56013,3.7,3.8
56015,2.8,3.1
56017,2.6,3.0
56019,2.7,3.0
56021,3.0,3.3
56023,2.8,2.9
56025,3.0,3.1
56027,3.3,3.2
56029,3.2,3.4
56031,3.5,3.6
56033,2.9,3.1
56035,2.7,3.0
56037,3.2,3.4
56039,2.2,2.3
56041,2.9,3.1
56043,3.1,3.2
56045,2.5,2.9
72001,8.3,7.7
72003,7.1,6.8
72005,7.6,7.0
72007,4.8,5.1
72009,6.7,6.6
72011,6.3,6.4
72013,6.2,5.9
72015,10.5,11.5
72017,6.2,5.8
72019,6.4,6.1
72021,4.6,4.0
72023,5.9,5.6
72025,4.9,5.2
72027,5.3,5.0
72029,4.4,4.3
72031,4.4,3.9
72033,4.5,4.0
72035,5.8,6.0
72037,6.7,7.1
72039,7.1,7.8
72041,5.6,5.6
72043,7.2,7.0
72045,6.6,6.3
72047,5.6,6.0
72049,1.7,1.7
72051,5.1,5.2
72053,6.8,7.5
72054,7.8,7.5
72055,11.9,11.7
72057,8.6,9.2
72059,11.4,11.2
72061,3.0,2.7
72063,4.5,4.7
72065,7.4,5.2
72067,5.4,5.4
72069,7.4,7.7
72071,6.5,5.8
72073,11.1,8.1
72075,7.8,7.4
72077,5.6,5.2
72079,7.5,7.6
72081,8.5,7.7
72083,10.5,10.4
72085,6.2,6.8
72087,5.8,5.4
72089,6.6,6.5
72091,5.9,5.6
72093,13.3,15.3
72095,13.0,12.3
72097,7.9,8.2
72099,7.3,6.6
72101,6.0,6.3
72103,6.6,7.6
72105,5.6,5.3
72107,7.5,7.1
72109,9.1,8.3
72111,9.3,10.3
72113,8.4,8.4
72115,5.9,5.4
72117,8.7,9.3
72119,4.6,4.7
72121,7.7,6.9
72123,7.6,7.7
72125,9.9,9.8
72127,4.5,3.9
72129,6.1,6.1
72131,8.3,8.2
72133,7.0,6.1
72135,4.2,3.9
72137,4.1,3.6
72139,2.7,2.2
72141,9.1,8.5
72143,4.7,4.4
72145,5.9,5.4
72147,4.1,4.5
72149,11.5,10.2
72151,8.2,8.6
72153,10.4,10.1
